{"cameraMode":{"drawMode":0,"name":"Shaded","section":"Shading Mode"},"sceneLighting":true,"audioPlay":false,"sceneViewState":{"m_AlwaysRefresh":false,"showFog":true,"showSkybox":true,"showFlares":true,"showImageEffects":true,"showParticleSystems":true,"showVisualEffectGraphs":true,"m_FxEnabled":true},"in2DMode":false,"pivot":{"x":166.62245178222657,"y":444.9753112792969,"z":-14.267463684082032},"rotation":{"x":0.14940012991428376,"y":0.02285042591392994,"z":-0.0034522044006735088,"w":0.9885292053222656},"size":326.1136474609375,"orthographic":false}